{"yellow": [1.230533, 0.8342312, 0.3395365, 0.7881353], "raw_black": [568.7408, 517.6144, 614.0771, 1657.88], "blue": [0.2089108, 0.6701648, 0.971691, 0.6699452], "purple": [0.3141963, 0.1234753, 0.2766396, 0.2332611], "orange": [1.142889, 0.3423438, 0.2119191, 0.5197307], "pink": [0.8283585, 0.1941848, 0.3856463, 0.4493695], "brown": [0.2564265, 0.0730968, 0.0682963, 0.111575], "bright_orange": [1.001069, 0.1666656, 0.1521383, 0.4027741], "raw_white": [2152.853, 2169.856, 2584.915, 6679.581], "green": [0.2799942, 0.4783547, 0.2248199, 0.3006164], "red": [0.7792688, 0.09593189, 0.1147749, 0.2857546]}